﻿<?xml version="1.0" encoding="utf-8" ?>
<c2eventsheet>
    <!--All the 'name' attributes are ignored by Construct 2 - they are there for readability only.-->
    <name>Menu Events</name>
    <events>
        <event-block any="1" sid="8193265259294109">
            <conditions>
                <condition id="1" name="On any key pressed" sid="2637241390883072" type="Keyboard" />
                <condition id="4" name="Is touching object" sid="8064935049408228" type="Touch">
                    <param id="0" name="Object">Restart</param>
                </condition>
            </conditions>
            <actions>
                <action id="-21" name="Reset global variables" sid="5823012909558211" type="System" />
                <action id="-9" name="Set value" sid="3283710478596924" type="System">
                    <param id="0" name="Variable">firsttime</param>
                    <param id="1" name="Value">0</param>
                </action>
                <action id="-2" name="Go to layout" sid="8229273628644723" type="System">
                    <param id="0" name="Layout">Game</param>
                </action>
            </actions>
        </event-block>
        <event-block sid="8939932601546442">
            <conditions>
                <condition id="-2" name="On start of layout" sid="7232873886156001" type="System" />
            </conditions>
            <actions>
                <action id="-9" name="Set value" sid="2025283792624" type="System">
                    <param id="0" name="Variable">firsttime</param>
                    <param id="1" name="Value">0</param>
                </action>
            </actions>
            <sub-events>
                <event-block sid="8615428168669239">
                    <conditions>
                        <condition id="-14" name="Compare variable" sid="5916053791930228" type="System">
                            <param id="0" name="Variable">Score</param>
                            <param id="1" name="Comparison">4</param>
                            <param id="2" name="Value">0</param>
                        </condition>
                    </conditions>
                    <actions>
                        <action id="0" name="Set text" sid="302092543094907" type="Restart">
                            <param id="0" name="Text">&quot;Restart  &gt;&gt;&quot; &amp;newline &amp;&quot;Score: &quot; &amp;Score</param>
                        </action>
                    </actions>
                </event-block>
            </sub-events>
        </event-block>
    </events>
</c2eventsheet>
